<xml xmlns="https://developers.google.com/blockly/xml"><block type="factory_base" id="G|KZ`C2AbS{nR~4EF;.x" deletable="false" movable="false" x="10" y="10">
    <mutation connections="BOTH"/>
    <field name="NAME">vector</field>
    <field name="INLINE">AUTO</field>
    <field name="CONNECTIONS">BOTH</field>
    <statement name="INPUTS">
      <block type="input_statement" id="Xz#YvN%Oenr)NAG#w2QT">
        <field name="INPUTNAME">NAME</field>
        <field name="ALIGN">LEFT</field>
        <statement name="FIELDS">
          <block type="field_static" id=",`uehn3%y1J*A%+ABamW">
            <field name="TEXT">Vector&lt;</field>
            <next>
              <block type="field_dropdown" id="]~[}eElueQAuRBrfeJ~_">
                <mutation options="[&quot;text&quot;,&quot;text&quot;,&quot;text&quot;,&quot;text&quot;]"/>
                <field name="FIELDNAME">myVecType</field>
                <field name="USER0">int</field>
                <field name="CPU0">myVecTypeInt</field>
                <field name="USER1">double</field>
                <field name="CPU1">myVecTypeDouble</field>
                <field name="USER2">char</field>
                <field name="CPU2">myVecTypeChar</field>
                <field name="USER3">string</field>
                <field name="CPU3">myVecTypeString</field>
                <next>
                  <block type="field_static" id="ly.II/4)3Hac3WjT[6Fx">
                    <field name="TEXT">&gt; </field>
                    <next>
                      <block type="field_variable" id="PjUiRysg]|MNH4d~|j}6">
                        <field name="TEXT">myVec</field>
                        <field name="FIELDNAME">myVecVar</field>
                      </block>
                    </next>
                  </block>
                </next>
              </block>
            </next>
          </block>
        </statement>
        <value name="TYPE">
          <shadow type="type_null" id="SiFHqfy^DDRbz;B2@FI{"/>
        </value>
      </block>
    </statement>
    <value name="TOOLTIP">
      <block type="text" id="4XGV.vr;UGY-1_)n7ge!" deletable="false" movable="false">
        <field name="TEXT"/>
      </block>
    </value>
    <value name="HELPURL">
      <block type="text" id="4e)SdCve|F*4RsNowz,O" deletable="false" movable="false">
        <field name="TEXT">http://www.cplusplus.com/reference/vector/vector/</field>
      </block>
    </value>
    <value name="TOPTYPE">
      <shadow type="type_null" id="Tzd52XM^j_|9#S;XZV4%"/>
    </value>
    <value name="BOTTOMTYPE">
      <shadow type="type_null" id="#vKs.9Le.tkSoLv~Tp@:"/>
    </value>
    <value name="COLOUR">
      <block type="colour_hue" id="QlsXch)*u}=t-d?L=p)a">
        <mutation colour="#5b67a5"/>
        <field name="HUE">230</field>
      </block>
    </value>
  </block></xml>